id,train_loss,valid_loss
0,0.014317176485013577,0.01335463306355861
1,0.012521481543268648,0.012028102567719837
2,0.0117412785165793,0.011670109530490252
