id,train_loss,valid_loss
0,0.016470011421329072,0.016217612060568026
1,0.01600877632717452,0.015928587395577662
2,0.015800080611370504,0.015765284743881034
